DateNum,Date,YearMonthNum,Calendar_Quarter,MonthNum,MonthName,MonthShortName,WeekNum,DayNumOfYear,DayNumOfMonth,DayNumOfWeek,DayName,DayShortName,Quarter,YearQuarterNum,DayNumOfQuarter
20200101,1-1-2020,202001,Qtr 1,1,January,Jan,1,1,1,4,Wednesday,Wed,1,20201,1
20200102,1-2-2020,202001,Qtr 1,1,January,Jan,1,2,2,5,Thursday,Thu,1,20201,2
20200103,1-3-2020,202001,Qtr 1,1,January,Jan,1,3,3,6,Friday,Fri,1,20201,3
20200104,1-4-2020,202001,Qtr 1,1,January,Jan,1,4,4,7,Saturday,Sat,1,20201,4
20200105,1-5-2020,202001,Qtr 1,1,January,Jan,1,5,5,1,Sunday,Sun,1,20201,5
20200106,1-6-2020,202001,Qtr 1,1,January,Jan,2,6,6,2,Monday,Mon,1,20201,6
20200107,1-7-2020,202001,Qtr 1,1,January,Jan,2,7,7,3,Tuesday,Tue,1,20201,7
20200108,1-8-2020,202001,Qtr 1,1,January,Jan,2,8,8,4,Wednesday,Wed,1,20201,8
20200109,1-9-2020,202001,Qtr 1,1,January,Jan,2,9,9,5,Thursday,Thu,1,20201,9
20200110,1-10-2020,202001,Qtr 1,1,January,Jan,2,10,10,6,Friday,Fri,1,20201,10
20200111,1-11-2020,202001,Qtr 1,1,January,Jan,2,11,11,7,Saturday,Sat,1,20201,11
20200112,1-12-2020,202001,Qtr 1,1,January,Jan,2,12,12,1,Sunday,Sun,1,20201,12
20200113,1-13-2020,202001,Qtr 1,1,January,Jan,3,13,13,2,Monday,Mon,1,20201,13
20200114,1-14-2020,202001,Qtr 1,1,January,Jan,3,14,14,3,Tuesday,Tue,1,20201,14
20200115,1-15-2020,202001,Qtr 1,1,January,Jan,3,15,15,4,Wednesday,Wed,1,20201,15
20200116,1-16-2020,202001,Qtr 1,1,January,Jan,3,16,16,5,Thursday,Thu,1,20201,16
20200117,1-17-2020,202001,Qtr 1,1,January,Jan,3,17,17,6,Friday,Fri,1,20201,17
20200118,1-18-2020,202001,Qtr 1,1,January,Jan,3,18,18,7,Saturday,Sat,1,20201,18
20200119,1-19-2020,202001,Qtr 1,1,January,Jan,3,19,19,1,Sunday,Sun,1,20201,19
20200120,1-20-2020,202001,Qtr 1,1,January,Jan,4,20,20,2,Monday,Mon,1,20201,20
20200121,1-21-2020,202001,Qtr 1,1,January,Jan,4,21,21,3,Tuesday,Tue,1,20201,21
20200122,1-22-2020,202001,Qtr 1,1,January,Jan,4,22,22,4,Wednesday,Wed,1,20201,22
20200123,1-23-2020,202001,Qtr 1,1,January,Jan,4,23,23,5,Thursday,Thu,1,20201,23
20200124,1-24-2020,202001,Qtr 1,1,January,Jan,4,24,24,6,Friday,Fri,1,20201,24
20200125,1-25-2020,202001,Qtr 1,1,January,Jan,4,25,25,7,Saturday,Sat,1,20201,25
20200126,1-26-2020,202001,Qtr 1,1,January,Jan,4,26,26,1,Sunday,Sun,1,20201,26
20200127,1-27-2020,202001,Qtr 1,1,January,Jan,5,27,27,2,Monday,Mon,1,20201,27
20200128,1-28-2020,202001,Qtr 1,1,January,Jan,5,28,28,3,Tuesday,Tue,1,20201,28
20200129,1-29-2020,202001,Qtr 1,1,January,Jan,5,29,29,4,Wednesday,Wed,1,20201,29
20200130,1-30-2020,202001,Qtr 1,1,January,Jan,5,30,30,5,Thursday,Thu,1,20201,30
20200131,1-31-2020,202001,Qtr 1,1,January,Jan,5,31,31,6,Friday,Fri,1,20201,31
20200201,2-1-2020,202002,Qtr 1,2,February,Feb,5,32,1,7,Saturday,Sat,1,20201,32
20200202,2-2-2020,202002,Qtr 1,2,February,Feb,5,33,2,1,Sunday,Sun,1,20201,33
20200203,2-3-2020,202002,Qtr 1,2,February,Feb,6,34,3,2,Monday,Mon,1,20201,34
20200204,2-4-2020,202002,Qtr 1,2,February,Feb,6,35,4,3,Tuesday,Tue,1,20201,35
20200205,2-5-2020,202002,Qtr 1,2,February,Feb,6,36,5,4,Wednesday,Wed,1,20201,36
20200206,2-6-2020,202002,Qtr 1,2,February,Feb,6,37,6,5,Thursday,Thu,1,20201,37
20200207,2-7-2020,202002,Qtr 1,2,February,Feb,6,38,7,6,Friday,Fri,1,20201,38
20200208,2-8-2020,202002,Qtr 1,2,February,Feb,6,39,8,7,Saturday,Sat,1,20201,39
20200209,2-9-2020,202002,Qtr 1,2,February,Feb,6,40,9,1,Sunday,Sun,1,20201,40
20200210,2-10-2020,202002,Qtr 1,2,February,Feb,7,41,10,2,Monday,Mon,1,20201,41
20200211,2-11-2020,202002,Qtr 1,2,February,Feb,7,42,11,3,Tuesday,Tue,1,20201,42
20200212,2-12-2020,202002,Qtr 1,2,February,Feb,7,43,12,4,Wednesday,Wed,1,20201,43
20200213,2-13-2020,202002,Qtr 1,2,February,Feb,7,44,13,5,Thursday,Thu,1,20201,44
20200214,2-14-2020,202002,Qtr 1,2,February,Feb,7,45,14,6,Friday,Fri,1,20201,45
20200215,2-15-2020,202002,Qtr 1,2,February,Feb,7,46,15,7,Saturday,Sat,1,20201,46
20200216,2-16-2020,202002,Qtr 1,2,February,Feb,7,47,16,1,Sunday,Sun,1,20201,47
20200217,2-17-2020,202002,Qtr 1,2,February,Feb,8,48,17,2,Monday,Mon,1,20201,48
20200218,2-18-2020,202002,Qtr 1,2,February,Feb,8,49,18,3,Tuesday,Tue,1,20201,49
20200219,2-19-2020,202002,Qtr 1,2,February,Feb,8,50,19,4,Wednesday,Wed,1,20201,50
20200220,2-20-2020,202002,Qtr 1,2,February,Feb,8,51,20,5,Thursday,Thu,1,20201,51
20200221,2-21-2020,202002,Qtr 1,2,February,Feb,8,52,21,6,Friday,Fri,1,20201,52
20200222,2-22-2020,202002,Qtr 1,2,February,Feb,8,53,22,7,Saturday,Sat,1,20201,53
20200223,2-23-2020,202002,Qtr 1,2,February,Feb,8,54,23,1,Sunday,Sun,1,20201,54
20200224,2-24-2020,202002,Qtr 1,2,February,Feb,9,55,24,2,Monday,Mon,1,20201,55
20200225,2-25-2020,202002,Qtr 1,2,February,Feb,9,56,25,3,Tuesday,Tue,1,20201,56
20200226,2-26-2020,202002,Qtr 1,2,February,Feb,9,57,26,4,Wednesday,Wed,1,20201,57
20200227,2-27-2020,202002,Qtr 1,2,February,Feb,9,58,27,5,Thursday,Thu,1,20201,58
20200228,2-28-2020,202002,Qtr 1,2,February,Feb,9,59,28,6,Friday,Fri,1,20201,59
20200229,2-29-2020,202002,Qtr 1,2,February,Feb,9,60,29,7,Saturday,Sat,1,20201,60
20200301,3-1-2020,202003,Qtr 1,3,March,Mar,9,61,1,1,Sunday,Sun,1,20201,61
20200302,3-2-2020,202003,Qtr 1,3,March,Mar,10,62,2,2,Monday,Mon,1,20201,62
20200303,3-3-2020,202003,Qtr 1,3,March,Mar,10,63,3,3,Tuesday,Tue,1,20201,63
20200304,3-4-2020,202003,Qtr 1,3,March,Mar,10,64,4,4,Wednesday,Wed,1,20201,64
20200305,3-5-2020,202003,Qtr 1,3,March,Mar,10,65,5,5,Thursday,Thu,1,20201,65
20200306,3-6-2020,202003,Qtr 1,3,March,Mar,10,66,6,6,Friday,Fri,1,20201,66
20200307,3-7-2020,202003,Qtr 1,3,March,Mar,10,67,7,7,Saturday,Sat,1,20201,67
20200308,3-8-2020,202003,Qtr 1,3,March,Mar,10,68,8,1,Sunday,Sun,1,20201,68
20200309,3-9-2020,202003,Qtr 1,3,March,Mar,11,69,9,2,Monday,Mon,1,20201,69
20200310,3-10-2020,202003,Qtr 1,3,March,Mar,11,70,10,3,Tuesday,Tue,1,20201,70
20200311,3-11-2020,202003,Qtr 1,3,March,Mar,11,71,11,4,Wednesday,Wed,1,20201,71
20200312,3-12-2020,202003,Qtr 1,3,March,Mar,11,72,12,5,Thursday,Thu,1,20201,72
20200313,3-13-2020,202003,Qtr 1,3,March,Mar,11,73,13,6,Friday,Fri,1,20201,73
20200314,3-14-2020,202003,Qtr 1,3,March,Mar,11,74,14,7,Saturday,Sat,1,20201,74
20200315,3-15-2020,202003,Qtr 1,3,March,Mar,11,75,15,1,Sunday,Sun,1,20201,75
20200316,3-16-2020,202003,Qtr 1,3,March,Mar,12,76,16,2,Monday,Mon,1,20201,76
20200317,3-17-2020,202003,Qtr 1,3,March,Mar,12,77,17,3,Tuesday,Tue,1,20201,77
20200318,3-18-2020,202003,Qtr 1,3,March,Mar,12,78,18,4,Wednesday,Wed,1,20201,78
20200319,3-19-2020,202003,Qtr 1,3,March,Mar,12,79,19,5,Thursday,Thu,1,20201,79
20200320,3-20-2020,202003,Qtr 1,3,March,Mar,12,80,20,6,Friday,Fri,1,20201,80
20200321,3-21-2020,202003,Qtr 1,3,March,Mar,12,81,21,7,Saturday,Sat,1,20201,81
20200322,3-22-2020,202003,Qtr 1,3,March,Mar,12,82,22,1,Sunday,Sun,1,20201,82
20200323,3-23-2020,202003,Qtr 1,3,March,Mar,13,83,23,2,Monday,Mon,1,20201,83
20200324,3-24-2020,202003,Qtr 1,3,March,Mar,13,84,24,3,Tuesday,Tue,1,20201,84
20200325,3-25-2020,202003,Qtr 1,3,March,Mar,13,85,25,4,Wednesday,Wed,1,20201,85
20200326,3-26-2020,202003,Qtr 1,3,March,Mar,13,86,26,5,Thursday,Thu,1,20201,86
20200327,3-27-2020,202003,Qtr 1,3,March,Mar,13,87,27,6,Friday,Fri,1,20201,87
20200328,3-28-2020,202003,Qtr 1,3,March,Mar,13,88,28,7,Saturday,Sat,1,20201,88
20200329,3-29-2020,202003,Qtr 1,3,March,Mar,13,89,29,1,Sunday,Sun,1,20201,89
20200330,3-30-2020,202003,Qtr 1,3,March,Mar,14,90,30,2,Monday,Mon,1,20201,90
20200331,3-31-2020,202003,Qtr 1,3,March,Mar,14,91,31,3,Tuesday,Tue,1,20201,91
20200401,4-1-2020,202004,Qtr 2,4,April,Apr,14,92,1,4,Wednesday,Wed,2,20202,1
20200402,4-2-2020,202004,Qtr 2,4,April,Apr,14,93,2,5,Thursday,Thu,2,20202,2
20200403,4-3-2020,202004,Qtr 2,4,April,Apr,14,94,3,6,Friday,Fri,2,20202,3
20200404,4-4-2020,202004,Qtr 2,4,April,Apr,14,95,4,7,Saturday,Sat,2,20202,4
20200405,4-5-2020,202004,Qtr 2,4,April,Apr,14,96,5,1,Sunday,Sun,2,20202,5
20200406,4-6-2020,202004,Qtr 2,4,April,Apr,15,97,6,2,Monday,Mon,2,20202,6
20200407,4-7-2020,202004,Qtr 2,4,April,Apr,15,98,7,3,Tuesday,Tue,2,20202,7
20200408,4-8-2020,202004,Qtr 2,4,April,Apr,15,99,8,4,Wednesday,Wed,2,20202,8
20200409,4-9-2020,202004,Qtr 2,4,April,Apr,15,100,9,5,Thursday,Thu,2,20202,9
20200410,4-10-2020,202004,Qtr 2,4,April,Apr,15,101,10,6,Friday,Fri,2,20202,10
20200411,4-11-2020,202004,Qtr 2,4,April,Apr,15,102,11,7,Saturday,Sat,2,20202,11
20200412,4-12-2020,202004,Qtr 2,4,April,Apr,15,103,12,1,Sunday,Sun,2,20202,12
20200413,4-13-2020,202004,Qtr 2,4,April,Apr,16,104,13,2,Monday,Mon,2,20202,13
20200414,4-14-2020,202004,Qtr 2,4,April,Apr,16,105,14,3,Tuesday,Tue,2,20202,14
20200415,4-15-2020,202004,Qtr 2,4,April,Apr,16,106,15,4,Wednesday,Wed,2,20202,15
20200416,4-16-2020,202004,Qtr 2,4,April,Apr,16,107,16,5,Thursday,Thu,2,20202,16
20200417,4-17-2020,202004,Qtr 2,4,April,Apr,16,108,17,6,Friday,Fri,2,20202,17
20200418,4-18-2020,202004,Qtr 2,4,April,Apr,16,109,18,7,Saturday,Sat,2,20202,18
20200419,4-19-2020,202004,Qtr 2,4,April,Apr,16,110,19,1,Sunday,Sun,2,20202,19
20200420,4-20-2020,202004,Qtr 2,4,April,Apr,17,111,20,2,Monday,Mon,2,20202,20
20200421,4-21-2020,202004,Qtr 2,4,April,Apr,17,112,21,3,Tuesday,Tue,2,20202,21
20200422,4-22-2020,202004,Qtr 2,4,April,Apr,17,113,22,4,Wednesday,Wed,2,20202,22
20200423,4-23-2020,202004,Qtr 2,4,April,Apr,17,114,23,5,Thursday,Thu,2,20202,23
20200424,4-24-2020,202004,Qtr 2,4,April,Apr,17,115,24,6,Friday,Fri,2,20202,24
20200425,4-25-2020,202004,Qtr 2,4,April,Apr,17,116,25,7,Saturday,Sat,2,20202,25
20200426,4-26-2020,202004,Qtr 2,4,April,Apr,17,117,26,1,Sunday,Sun,2,20202,26
20200427,4-27-2020,202004,Qtr 2,4,April,Apr,18,118,27,2,Monday,Mon,2,20202,27
20200428,4-28-2020,202004,Qtr 2,4,April,Apr,18,119,28,3,Tuesday,Tue,2,20202,28
20200429,4-29-2020,202004,Qtr 2,4,April,Apr,18,120,29,4,Wednesday,Wed,2,20202,29
20200430,4-30-2020,202004,Qtr 2,4,April,Apr,18,121,30,5,Thursday,Thu,2,20202,30
20200501,5-1-2020,202005,Qtr 2,5,May,May,18,122,1,6,Friday,Fri,2,20202,31
20200502,5-2-2020,202005,Qtr 2,5,May,May,18,123,2,7,Saturday,Sat,2,20202,32
20200503,5-3-2020,202005,Qtr 2,5,May,May,18,124,3,1,Sunday,Sun,2,20202,33
20200504,5-4-2020,202005,Qtr 2,5,May,May,19,125,4,2,Monday,Mon,2,20202,34
20200505,5-5-2020,202005,Qtr 2,5,May,May,19,126,5,3,Tuesday,Tue,2,20202,35
20200506,5-6-2020,202005,Qtr 2,5,May,May,19,127,6,4,Wednesday,Wed,2,20202,36
20200507,5-7-2020,202005,Qtr 2,5,May,May,19,128,7,5,Thursday,Thu,2,20202,37
20200508,5-8-2020,202005,Qtr 2,5,May,May,19,129,8,6,Friday,Fri,2,20202,38
20200509,5-9-2020,202005,Qtr 2,5,May,May,19,130,9,7,Saturday,Sat,2,20202,39
20200510,5-10-2020,202005,Qtr 2,5,May,May,19,131,10,1,Sunday,Sun,2,20202,40
20200511,5-11-2020,202005,Qtr 2,5,May,May,20,132,11,2,Monday,Mon,2,20202,41
20200512,5-12-2020,202005,Qtr 2,5,May,May,20,133,12,3,Tuesday,Tue,2,20202,42
20200513,5-13-2020,202005,Qtr 2,5,May,May,20,134,13,4,Wednesday,Wed,2,20202,43
20200514,5-14-2020,202005,Qtr 2,5,May,May,20,135,14,5,Thursday,Thu,2,20202,44
20200515,5-15-2020,202005,Qtr 2,5,May,May,20,136,15,6,Friday,Fri,2,20202,45
20200516,5-16-2020,202005,Qtr 2,5,May,May,20,137,16,7,Saturday,Sat,2,20202,46
20200517,5-17-2020,202005,Qtr 2,5,May,May,20,138,17,1,Sunday,Sun,2,20202,47
20200518,5-18-2020,202005,Qtr 2,5,May,May,21,139,18,2,Monday,Mon,2,20202,48
20200519,5-19-2020,202005,Qtr 2,5,May,May,21,140,19,3,Tuesday,Tue,2,20202,49
20200520,5-20-2020,202005,Qtr 2,5,May,May,21,141,20,4,Wednesday,Wed,2,20202,50
20200521,5-21-2020,202005,Qtr 2,5,May,May,21,142,21,5,Thursday,Thu,2,20202,51
20200522,5-22-2020,202005,Qtr 2,5,May,May,21,143,22,6,Friday,Fri,2,20202,52
20200523,5-23-2020,202005,Qtr 2,5,May,May,21,144,23,7,Saturday,Sat,2,20202,53
20200524,5-24-2020,202005,Qtr 2,5,May,May,21,145,24,1,Sunday,Sun,2,20202,54
20200525,5-25-2020,202005,Qtr 2,5,May,May,22,146,25,2,Monday,Mon,2,20202,55
20200526,5-26-2020,202005,Qtr 2,5,May,May,22,147,26,3,Tuesday,Tue,2,20202,56
20200527,5-27-2020,202005,Qtr 2,5,May,May,22,148,27,4,Wednesday,Wed,2,20202,57
20200528,5-28-2020,202005,Qtr 2,5,May,May,22,149,28,5,Thursday,Thu,2,20202,58
20200529,5-29-2020,202005,Qtr 2,5,May,May,22,150,29,6,Friday,Fri,2,20202,59
20200530,5-30-2020,202005,Qtr 2,5,May,May,22,151,30,7,Saturday,Sat,2,20202,60
20200531,5-31-2020,202005,Qtr 2,5,May,May,22,152,31,1,Sunday,Sun,2,20202,61
20200601,6-1-2020,202006,Qtr 2,6,June,Jun,23,153,1,2,Monday,Mon,2,20202,62
20200602,6-2-2020,202006,Qtr 2,6,June,Jun,23,154,2,3,Tuesday,Tue,2,20202,63
20200603,6-3-2020,202006,Qtr 2,6,June,Jun,23,155,3,4,Wednesday,Wed,2,20202,64
20200604,6-4-2020,202006,Qtr 2,6,June,Jun,23,156,4,5,Thursday,Thu,2,20202,65
20200605,6-5-2020,202006,Qtr 2,6,June,Jun,23,157,5,6,Friday,Fri,2,20202,66
20200606,6-6-2020,202006,Qtr 2,6,June,Jun,23,158,6,7,Saturday,Sat,2,20202,67
20200607,6-7-2020,202006,Qtr 2,6,June,Jun,23,159,7,1,Sunday,Sun,2,20202,68
20200608,6-8-2020,202006,Qtr 2,6,June,Jun,24,160,8,2,Monday,Mon,2,20202,69
20200609,6-9-2020,202006,Qtr 2,6,June,Jun,24,161,9,3,Tuesday,Tue,2,20202,70
20200610,6-10-2020,202006,Qtr 2,6,June,Jun,24,162,10,4,Wednesday,Wed,2,20202,71
20200611,6-11-2020,202006,Qtr 2,6,June,Jun,24,163,11,5,Thursday,Thu,2,20202,72
20200612,6-12-2020,202006,Qtr 2,6,June,Jun,24,164,12,6,Friday,Fri,2,20202,73
20200613,6-13-2020,202006,Qtr 2,6,June,Jun,24,165,13,7,Saturday,Sat,2,20202,74
20200614,6-14-2020,202006,Qtr 2,6,June,Jun,24,166,14,1,Sunday,Sun,2,20202,75
20200615,6-15-2020,202006,Qtr 2,6,June,Jun,25,167,15,2,Monday,Mon,2,20202,76
20200616,6-16-2020,202006,Qtr 2,6,June,Jun,25,168,16,3,Tuesday,Tue,2,20202,77
20200617,6-17-2020,202006,Qtr 2,6,June,Jun,25,169,17,4,Wednesday,Wed,2,20202,78
20200618,6-18-2020,202006,Qtr 2,6,June,Jun,25,170,18,5,Thursday,Thu,2,20202,79
20200619,6-19-2020,202006,Qtr 2,6,June,Jun,25,171,19,6,Friday,Fri,2,20202,80
20200620,6-20-2020,202006,Qtr 2,6,June,Jun,25,172,20,7,Saturday,Sat,2,20202,81
20200621,6-21-2020,202006,Qtr 2,6,June,Jun,25,173,21,1,Sunday,Sun,2,20202,82
20200622,6-22-2020,202006,Qtr 2,6,June,Jun,26,174,22,2,Monday,Mon,2,20202,83
20200623,6-23-2020,202006,Qtr 2,6,June,Jun,26,175,23,3,Tuesday,Tue,2,20202,84
20200624,6-24-2020,202006,Qtr 2,6,June,Jun,26,176,24,4,Wednesday,Wed,2,20202,85
20200625,6-25-2020,202006,Qtr 2,6,June,Jun,26,177,25,5,Thursday,Thu,2,20202,86
20200626,6-26-2020,202006,Qtr 2,6,June,Jun,26,178,26,6,Friday,Fri,2,20202,87
20200627,6-27-2020,202006,Qtr 2,6,June,Jun,26,179,27,7,Saturday,Sat,2,20202,88
20200628,6-28-2020,202006,Qtr 2,6,June,Jun,26,180,28,1,Sunday,Sun,2,20202,89
20200629,6-29-2020,202006,Qtr 2,6,June,Jun,27,181,29,2,Monday,Mon,2,20202,90
20200630,6-30-2020,202006,Qtr 2,6,June,Jun,27,182,30,3,Tuesday,Tue,2,20202,91
20200701,7-1-2020,202007,Qtr 3,7,July,Jul,27,183,1,4,Wednesday,Wed,3,20203,1
20200702,7-2-2020,202007,Qtr 3,7,July,Jul,27,184,2,5,Thursday,Thu,3,20203,2
20200703,7-3-2020,202007,Qtr 3,7,July,Jul,27,185,3,6,Friday,Fri,3,20203,3
20200704,7-4-2020,202007,Qtr 3,7,July,Jul,27,186,4,7,Saturday,Sat,3,20203,4
20200705,7-5-2020,202007,Qtr 3,7,July,Jul,27,187,5,1,Sunday,Sun,3,20203,5
20200706,7-6-2020,202007,Qtr 3,7,July,Jul,28,188,6,2,Monday,Mon,3,20203,6
20200707,7-7-2020,202007,Qtr 3,7,July,Jul,28,189,7,3,Tuesday,Tue,3,20203,7
20200708,7-8-2020,202007,Qtr 3,7,July,Jul,28,190,8,4,Wednesday,Wed,3,20203,8
20200709,7-9-2020,202007,Qtr 3,7,July,Jul,28,191,9,5,Thursday,Thu,3,20203,9
20200710,7-10-2020,202007,Qtr 3,7,July,Jul,28,192,10,6,Friday,Fri,3,20203,10
20200711,7-11-2020,202007,Qtr 3,7,July,Jul,28,193,11,7,Saturday,Sat,3,20203,11
20200712,7-12-2020,202007,Qtr 3,7,July,Jul,28,194,12,1,Sunday,Sun,3,20203,12
20200713,7-13-2020,202007,Qtr 3,7,July,Jul,29,195,13,2,Monday,Mon,3,20203,13
20200714,7-14-2020,202007,Qtr 3,7,July,Jul,29,196,14,3,Tuesday,Tue,3,20203,14
20200715,7-15-2020,202007,Qtr 3,7,July,Jul,29,197,15,4,Wednesday,Wed,3,20203,15
20200716,7-16-2020,202007,Qtr 3,7,July,Jul,29,198,16,5,Thursday,Thu,3,20203,16
20200717,7-17-2020,202007,Qtr 3,7,July,Jul,29,199,17,6,Friday,Fri,3,20203,17
20200718,7-18-2020,202007,Qtr 3,7,July,Jul,29,200,18,7,Saturday,Sat,3,20203,18
20200719,7-19-2020,202007,Qtr 3,7,July,Jul,29,201,19,1,Sunday,Sun,3,20203,19
20200720,7-20-2020,202007,Qtr 3,7,July,Jul,30,202,20,2,Monday,Mon,3,20203,20
20200721,7-21-2020,202007,Qtr 3,7,July,Jul,30,203,21,3,Tuesday,Tue,3,20203,21
20200722,7-22-2020,202007,Qtr 3,7,July,Jul,30,204,22,4,Wednesday,Wed,3,20203,22
20200723,7-23-2020,202007,Qtr 3,7,July,Jul,30,205,23,5,Thursday,Thu,3,20203,23
20200724,7-24-2020,202007,Qtr 3,7,July,Jul,30,206,24,6,Friday,Fri,3,20203,24
20200725,7-25-2020,202007,Qtr 3,7,July,Jul,30,207,25,7,Saturday,Sat,3,20203,25
20200726,7-26-2020,202007,Qtr 3,7,July,Jul,30,208,26,1,Sunday,Sun,3,20203,26
20200727,7-27-2020,202007,Qtr 3,7,July,Jul,31,209,27,2,Monday,Mon,3,20203,27
20200728,7-28-2020,202007,Qtr 3,7,July,Jul,31,210,28,3,Tuesday,Tue,3,20203,28
20200729,7-29-2020,202007,Qtr 3,7,July,Jul,31,211,29,4,Wednesday,Wed,3,20203,29
20200730,7-30-2020,202007,Qtr 3,7,July,Jul,31,212,30,5,Thursday,Thu,3,20203,30
20200731,7-31-2020,202007,Qtr 3,7,July,Jul,31,213,31,6,Friday,Fri,3,20203,31
20200801,8-1-2020,202008,Qtr 3,8,August,Aug,31,214,1,7,Saturday,Sat,3,20203,32
20200802,8-2-2020,202008,Qtr 3,8,August,Aug,31,215,2,1,Sunday,Sun,3,20203,33
20200803,8-3-2020,202008,Qtr 3,8,August,Aug,32,216,3,2,Monday,Mon,3,20203,34
20200804,8-4-2020,202008,Qtr 3,8,August,Aug,32,217,4,3,Tuesday,Tue,3,20203,35
20200805,8-5-2020,202008,Qtr 3,8,August,Aug,32,218,5,4,Wednesday,Wed,3,20203,36
20200806,8-6-2020,202008,Qtr 3,8,August,Aug,32,219,6,5,Thursday,Thu,3,20203,37
20200807,8-7-2020,202008,Qtr 3,8,August,Aug,32,220,7,6,Friday,Fri,3,20203,38
20200808,8-8-2020,202008,Qtr 3,8,August,Aug,32,221,8,7,Saturday,Sat,3,20203,39
20200809,8-9-2020,202008,Qtr 3,8,August,Aug,32,222,9,1,Sunday,Sun,3,20203,40
20200810,8-10-2020,202008,Qtr 3,8,August,Aug,33,223,10,2,Monday,Mon,3,20203,41
20200811,8-11-2020,202008,Qtr 3,8,August,Aug,33,224,11,3,Tuesday,Tue,3,20203,42
20200812,8-12-2020,202008,Qtr 3,8,August,Aug,33,225,12,4,Wednesday,Wed,3,20203,43
20200813,8-13-2020,202008,Qtr 3,8,August,Aug,33,226,13,5,Thursday,Thu,3,20203,44
20200814,8-14-2020,202008,Qtr 3,8,August,Aug,33,227,14,6,Friday,Fri,3,20203,45
20200815,8-15-2020,202008,Qtr 3,8,August,Aug,33,228,15,7,Saturday,Sat,3,20203,46
20200816,8-16-2020,202008,Qtr 3,8,August,Aug,33,229,16,1,Sunday,Sun,3,20203,47
20200817,8-17-2020,202008,Qtr 3,8,August,Aug,34,230,17,2,Monday,Mon,3,20203,48
20200818,8-18-2020,202008,Qtr 3,8,August,Aug,34,231,18,3,Tuesday,Tue,3,20203,49
20200819,8-19-2020,202008,Qtr 3,8,August,Aug,34,232,19,4,Wednesday,Wed,3,20203,50
20200820,8-20-2020,202008,Qtr 3,8,August,Aug,34,233,20,5,Thursday,Thu,3,20203,51
20200821,8-21-2020,202008,Qtr 3,8,August,Aug,34,234,21,6,Friday,Fri,3,20203,52
20200822,8-22-2020,202008,Qtr 3,8,August,Aug,34,235,22,7,Saturday,Sat,3,20203,53
20200823,8-23-2020,202008,Qtr 3,8,August,Aug,34,236,23,1,Sunday,Sun,3,20203,54
20200824,8-24-2020,202008,Qtr 3,8,August,Aug,35,237,24,2,Monday,Mon,3,20203,55
20200825,8-25-2020,202008,Qtr 3,8,August,Aug,35,238,25,3,Tuesday,Tue,3,20203,56
20200826,8-26-2020,202008,Qtr 3,8,August,Aug,35,239,26,4,Wednesday,Wed,3,20203,57
20200827,8-27-2020,202008,Qtr 3,8,August,Aug,35,240,27,5,Thursday,Thu,3,20203,58
20200828,8-28-2020,202008,Qtr 3,8,August,Aug,35,241,28,6,Friday,Fri,3,20203,59
20200829,8-29-2020,202008,Qtr 3,8,August,Aug,35,242,29,7,Saturday,Sat,3,20203,60
20200830,8-30-2020,202008,Qtr 3,8,August,Aug,35,243,30,1,Sunday,Sun,3,20203,61
20200831,8-31-2020,202008,Qtr 3,8,August,Aug,36,244,31,2,Monday,Mon,3,20203,62
20200901,9-1-2020,202009,Qtr 3,9,September,Sep,36,245,1,3,Tuesday,Tue,3,20203,63
20200902,9-2-2020,202009,Qtr 3,9,September,Sep,36,246,2,4,Wednesday,Wed,3,20203,64
20200903,9-3-2020,202009,Qtr 3,9,September,Sep,36,247,3,5,Thursday,Thu,3,20203,65
20200904,9-4-2020,202009,Qtr 3,9,September,Sep,36,248,4,6,Friday,Fri,3,20203,66
20200905,9-5-2020,202009,Qtr 3,9,September,Sep,36,249,5,7,Saturday,Sat,3,20203,67
20200906,9-6-2020,202009,Qtr 3,9,September,Sep,36,250,6,1,Sunday,Sun,3,20203,68
20200907,9-7-2020,202009,Qtr 3,9,September,Sep,37,251,7,2,Monday,Mon,3,20203,69
20200908,9-8-2020,202009,Qtr 3,9,September,Sep,37,252,8,3,Tuesday,Tue,3,20203,70
20200909,9-9-2020,202009,Qtr 3,9,September,Sep,37,253,9,4,Wednesday,Wed,3,20203,71
20200910,9-10-2020,202009,Qtr 3,9,September,Sep,37,254,10,5,Thursday,Thu,3,20203,72
20200911,9-11-2020,202009,Qtr 3,9,September,Sep,37,255,11,6,Friday,Fri,3,20203,73
20200912,9-12-2020,202009,Qtr 3,9,September,Sep,37,256,12,7,Saturday,Sat,3,20203,74
20200913,9-13-2020,202009,Qtr 3,9,September,Sep,37,257,13,1,Sunday,Sun,3,20203,75
20200914,9-14-2020,202009,Qtr 3,9,September,Sep,38,258,14,2,Monday,Mon,3,20203,76
20200915,9-15-2020,202009,Qtr 3,9,September,Sep,38,259,15,3,Tuesday,Tue,3,20203,77
20200916,9-16-2020,202009,Qtr 3,9,September,Sep,38,260,16,4,Wednesday,Wed,3,20203,78
20200917,9-17-2020,202009,Qtr 3,9,September,Sep,38,261,17,5,Thursday,Thu,3,20203,79
20200918,9-18-2020,202009,Qtr 3,9,September,Sep,38,262,18,6,Friday,Fri,3,20203,80
20200919,9-19-2020,202009,Qtr 3,9,September,Sep,38,263,19,7,Saturday,Sat,3,20203,81
20200920,9-20-2020,202009,Qtr 3,9,September,Sep,38,264,20,1,Sunday,Sun,3,20203,82
20200921,9-21-2020,202009,Qtr 3,9,September,Sep,39,265,21,2,Monday,Mon,3,20203,83
20200922,9-22-2020,202009,Qtr 3,9,September,Sep,39,266,22,3,Tuesday,Tue,3,20203,84
20200923,9-23-2020,202009,Qtr 3,9,September,Sep,39,267,23,4,Wednesday,Wed,3,20203,85
20200924,9-24-2020,202009,Qtr 3,9,September,Sep,39,268,24,5,Thursday,Thu,3,20203,86
20200925,9-25-2020,202009,Qtr 3,9,September,Sep,39,269,25,6,Friday,Fri,3,20203,87
20200926,9-26-2020,202009,Qtr 3,9,September,Sep,39,270,26,7,Saturday,Sat,3,20203,88
20200927,9-27-2020,202009,Qtr 3,9,September,Sep,39,271,27,1,Sunday,Sun,3,20203,89
20200928,9-28-2020,202009,Qtr 3,9,September,Sep,40,272,28,2,Monday,Mon,3,20203,90
20200929,9-29-2020,202009,Qtr 3,9,September,Sep,40,273,29,3,Tuesday,Tue,3,20203,91
20200930,9-30-2020,202009,Qtr 3,9,September,Sep,40,274,30,4,Wednesday,Wed,3,20203,92
20201001,10-1-2020,202010,Qtr 4,10,October,Oct,40,275,1,5,Thursday,Thu,4,20204,1
20201002,10-2-2020,202010,Qtr 4,10,October,Oct,40,276,2,6,Friday,Fri,4,20204,2
20201003,10-3-2020,202010,Qtr 4,10,October,Oct,40,277,3,7,Saturday,Sat,4,20204,3
20201004,10-4-2020,202010,Qtr 4,10,October,Oct,40,278,4,1,Sunday,Sun,4,20204,4
20201005,10-5-2020,202010,Qtr 4,10,October,Oct,41,279,5,2,Monday,Mon,4,20204,5
20201006,10-6-2020,202010,Qtr 4,10,October,Oct,41,280,6,3,Tuesday,Tue,4,20204,6
20201007,10-7-2020,202010,Qtr 4,10,October,Oct,41,281,7,4,Wednesday,Wed,4,20204,7
20201008,10-8-2020,202010,Qtr 4,10,October,Oct,41,282,8,5,Thursday,Thu,4,20204,8
20201009,10-9-2020,202010,Qtr 4,10,October,Oct,41,283,9,6,Friday,Fri,4,20204,9
20201010,10-10-2020,202010,Qtr 4,10,October,Oct,41,284,10,7,Saturday,Sat,4,20204,10
20201011,10-11-2020,202010,Qtr 4,10,October,Oct,41,285,11,1,Sunday,Sun,4,20204,11
20201012,10-12-2020,202010,Qtr 4,10,October,Oct,42,286,12,2,Monday,Mon,4,20204,12
20201013,10-13-2020,202010,Qtr 4,10,October,Oct,42,287,13,3,Tuesday,Tue,4,20204,13
20201014,10-14-2020,202010,Qtr 4,10,October,Oct,42,288,14,4,Wednesday,Wed,4,20204,14
20201015,10-15-2020,202010,Qtr 4,10,October,Oct,42,289,15,5,Thursday,Thu,4,20204,15
20201016,10-16-2020,202010,Qtr 4,10,October,Oct,42,290,16,6,Friday,Fri,4,20204,16
20201017,10-17-2020,202010,Qtr 4,10,October,Oct,42,291,17,7,Saturday,Sat,4,20204,17
20201018,10-18-2020,202010,Qtr 4,10,October,Oct,42,292,18,1,Sunday,Sun,4,20204,18
20201019,10-19-2020,202010,Qtr 4,10,October,Oct,43,293,19,2,Monday,Mon,4,20204,19
20201020,10-20-2020,202010,Qtr 4,10,October,Oct,43,294,20,3,Tuesday,Tue,4,20204,20
20201021,10-21-2020,202010,Qtr 4,10,October,Oct,43,295,21,4,Wednesday,Wed,4,20204,21
20201022,10-22-2020,202010,Qtr 4,10,October,Oct,43,296,22,5,Thursday,Thu,4,20204,22
20201023,10-23-2020,202010,Qtr 4,10,October,Oct,43,297,23,6,Friday,Fri,4,20204,23
20201024,10-24-2020,202010,Qtr 4,10,October,Oct,43,298,24,7,Saturday,Sat,4,20204,24
20201025,10-25-2020,202010,Qtr 4,10,October,Oct,43,299,25,1,Sunday,Sun,4,20204,25
20201026,10-26-2020,202010,Qtr 4,10,October,Oct,44,300,26,2,Monday,Mon,4,20204,26
20201027,10-27-2020,202010,Qtr 4,10,October,Oct,44,301,27,3,Tuesday,Tue,4,20204,27
20201028,10-28-2020,202010,Qtr 4,10,October,Oct,44,302,28,4,Wednesday,Wed,4,20204,28
20201029,10-29-2020,202010,Qtr 4,10,October,Oct,44,303,29,5,Thursday,Thu,4,20204,29
20201030,10-30-2020,202010,Qtr 4,10,October,Oct,44,304,30,6,Friday,Fri,4,20204,30
20201031,10-31-2020,202010,Qtr 4,10,October,Oct,44,305,31,7,Saturday,Sat,4,20204,31
20201101,11-1-2020,202011,Qtr 4,11,November,Nov,44,306,1,1,Sunday,Sun,4,20204,32
20201102,11-2-2020,202011,Qtr 4,11,November,Nov,45,307,2,2,Monday,Mon,4,20204,33
20201103,11-3-2020,202011,Qtr 4,11,November,Nov,45,308,3,3,Tuesday,Tue,4,20204,34
20201104,11-4-2020,202011,Qtr 4,11,November,Nov,45,309,4,4,Wednesday,Wed,4,20204,35
20201105,11-5-2020,202011,Qtr 4,11,November,Nov,45,310,5,5,Thursday,Thu,4,20204,36
20201106,11-6-2020,202011,Qtr 4,11,November,Nov,45,311,6,6,Friday,Fri,4,20204,37
20201107,11-7-2020,202011,Qtr 4,11,November,Nov,45,312,7,7,Saturday,Sat,4,20204,38
20201108,11-8-2020,202011,Qtr 4,11,November,Nov,45,313,8,1,Sunday,Sun,4,20204,39
20201109,11-9-2020,202011,Qtr 4,11,November,Nov,46,314,9,2,Monday,Mon,4,20204,40
20201110,11-10-2020,202011,Qtr 4,11,November,Nov,46,315,10,3,Tuesday,Tue,4,20204,41
20201111,11-11-2020,202011,Qtr 4,11,November,Nov,46,316,11,4,Wednesday,Wed,4,20204,42
20201112,11-12-2020,202011,Qtr 4,11,November,Nov,46,317,12,5,Thursday,Thu,4,20204,43
20201113,11-13-2020,202011,Qtr 4,11,November,Nov,46,318,13,6,Friday,Fri,4,20204,44
20201114,11-14-2020,202011,Qtr 4,11,November,Nov,46,319,14,7,Saturday,Sat,4,20204,45
20201115,11-15-2020,202011,Qtr 4,11,November,Nov,46,320,15,1,Sunday,Sun,4,20204,46
20201116,11-16-2020,202011,Qtr 4,11,November,Nov,47,321,16,2,Monday,Mon,4,20204,47
20201117,11-17-2020,202011,Qtr 4,11,November,Nov,47,322,17,3,Tuesday,Tue,4,20204,48
20201118,11-18-2020,202011,Qtr 4,11,November,Nov,47,323,18,4,Wednesday,Wed,4,20204,49
20201119,11-19-2020,202011,Qtr 4,11,November,Nov,47,324,19,5,Thursday,Thu,4,20204,50
20201120,11-20-2020,202011,Qtr 4,11,November,Nov,47,325,20,6,Friday,Fri,4,20204,51
20201121,11-21-2020,202011,Qtr 4,11,November,Nov,47,326,21,7,Saturday,Sat,4,20204,52
20201122,11-22-2020,202011,Qtr 4,11,November,Nov,47,327,22,1,Sunday,Sun,4,20204,53
20201123,11-23-2020,202011,Qtr 4,11,November,Nov,48,328,23,2,Monday,Mon,4,20204,54
20201124,11-24-2020,202011,Qtr 4,11,November,Nov,48,329,24,3,Tuesday,Tue,4,20204,55
20201125,11-25-2020,202011,Qtr 4,11,November,Nov,48,330,25,4,Wednesday,Wed,4,20204,56
20201126,11-26-2020,202011,Qtr 4,11,November,Nov,48,331,26,5,Thursday,Thu,4,20204,57
20201127,11-27-2020,202011,Qtr 4,11,November,Nov,48,332,27,6,Friday,Fri,4,20204,58
20201128,11-28-2020,202011,Qtr 4,11,November,Nov,48,333,28,7,Saturday,Sat,4,20204,59
20201129,11-29-2020,202011,Qtr 4,11,November,Nov,48,334,29,1,Sunday,Sun,4,20204,60
20201130,11-30-2020,202011,Qtr 4,11,November,Nov,49,335,30,2,Monday,Mon,4,20204,61
20201201,12-1-2020,202012,Qtr 4,12,December,Dec,49,336,1,3,Tuesday,Tue,4,20204,62
20201202,12-2-2020,202012,Qtr 4,12,December,Dec,49,337,2,4,Wednesday,Wed,4,20204,63
20201203,12-3-2020,202012,Qtr 4,12,December,Dec,49,338,3,5,Thursday,Thu,4,20204,64
20201204,12-4-2020,202012,Qtr 4,12,December,Dec,49,339,4,6,Friday,Fri,4,20204,65
20201205,12-5-2020,202012,Qtr 4,12,December,Dec,49,340,5,7,Saturday,Sat,4,20204,66
20201206,12-6-2020,202012,Qtr 4,12,December,Dec,49,341,6,1,Sunday,Sun,4,20204,67
20201207,12-7-2020,202012,Qtr 4,12,December,Dec,50,342,7,2,Monday,Mon,4,20204,68
20201208,12-8-2020,202012,Qtr 4,12,December,Dec,50,343,8,3,Tuesday,Tue,4,20204,69
20201209,12-9-2020,202012,Qtr 4,12,December,Dec,50,344,9,4,Wednesday,Wed,4,20204,70
20201210,12-10-2020,202012,Qtr 4,12,December,Dec,50,345,10,5,Thursday,Thu,4,20204,71
20201211,12-11-2020,202012,Qtr 4,12,December,Dec,50,346,11,6,Friday,Fri,4,20204,72
20201212,12-12-2020,202012,Qtr 4,12,December,Dec,50,347,12,7,Saturday,Sat,4,20204,73
20201213,12-13-2020,202012,Qtr 4,12,December,Dec,50,348,13,1,Sunday,Sun,4,20204,74
20201214,12-14-2020,202012,Qtr 4,12,December,Dec,51,349,14,2,Monday,Mon,4,20204,75
20201215,12-15-2020,202012,Qtr 4,12,December,Dec,51,350,15,3,Tuesday,Tue,4,20204,76
20201216,12-16-2020,202012,Qtr 4,12,December,Dec,51,351,16,4,Wednesday,Wed,4,20204,77
20201217,12-17-2020,202012,Qtr 4,12,December,Dec,51,352,17,5,Thursday,Thu,4,20204,78
20201218,12-18-2020,202012,Qtr 4,12,December,Dec,51,353,18,6,Friday,Fri,4,20204,79
20201219,12-19-2020,202012,Qtr 4,12,December,Dec,51,354,19,7,Saturday,Sat,4,20204,80
20201220,12-20-2020,202012,Qtr 4,12,December,Dec,51,355,20,1,Sunday,Sun,4,20204,81
20201221,12-21-2020,202012,Qtr 4,12,December,Dec,52,356,21,2,Monday,Mon,4,20204,82
20201222,12-22-2020,202012,Qtr 4,12,December,Dec,52,357,22,3,Tuesday,Tue,4,20204,83
20201223,12-23-2020,202012,Qtr 4,12,December,Dec,52,358,23,4,Wednesday,Wed,4,20204,84
20201224,12-24-2020,202012,Qtr 4,12,December,Dec,52,359,24,5,Thursday,Thu,4,20204,85
20201225,12-25-2020,202012,Qtr 4,12,December,Dec,52,360,25,6,Friday,Fri,4,20204,86
20201226,12-26-2020,202012,Qtr 4,12,December,Dec,52,361,26,7,Saturday,Sat,4,20204,87
20201227,12-27-2020,202012,Qtr 4,12,December,Dec,52,362,27,1,Sunday,Sun,4,20204,88
20201228,12-28-2020,202012,Qtr 4,12,December,Dec,53,363,28,2,Monday,Mon,4,20204,89
20201229,12-29-2020,202012,Qtr 4,12,December,Dec,53,364,29,3,Tuesday,Tue,4,20204,90
20201230,12-30-2020,202012,Qtr 4,12,December,Dec,53,365,30,4,Wednesday,Wed,4,20204,91
20201231,12-31-2020,202012,Qtr 4,12,December,Dec,53,366,31,5,Thursday,Thu,4,20204,92